condition_id,class_name,n_pred,n_GT,n_TP,AP50,recall,baseline_TP,n_lost,lost_ratio,small_denominator_flag
baseline_full_sensor,Car,16602,10721,6476,0.577837282575162,0.6040481298386344,6476,0,0.0,False
baseline_full_sensor,Pedestrian,53037,8008,3488,0.3435566042528159,0.4355644355644356,3488,0,0.0,False
baseline_full_sensor,Cyclist,4587,712,251,0.2933180184266616,0.35252808988764045,251,0,0.0,False
D10_p50_density,Car,16596,10721,6420,0.5290455764542602,0.598824736498461,6476,64,0.009882643607164917,False
D10_p50_density,Pedestrian,52987,8008,3464,0.32426537597211347,0.4325674325674326,3488,73,0.020928899082568807,False
D10_p50_density,Cyclist,4593,712,253,0.28517971097215766,0.3553370786516854,251,0,0.0,False
D10_p50_distance_only_matched,Car,16603,10721,6435,0.5661133294741322,0.6002238597145788,6476,43,0.006639901173563928,False
D10_p50_distance_only_matched,Pedestrian,52973,8008,3477,0.32891429344444917,0.4341908091908092,3488,44,0.01261467889908257,False
D10_p50_distance_only_matched,Cyclist,4594,712,248,0.2904021876875875,0.34831460674157305,251,4,0.01593625498007968,False
D10_p70_density,Car,16600,10721,6420,0.5291114308180247,0.598824736498461,6476,62,0.009573810994441012,False
D10_p70_density,Pedestrian,53003,8008,3467,0.32548750518318315,0.4329420579420579,3488,47,0.013474770642201836,False
D10_p70_density,Cyclist,4590,712,251,0.2930679899283558,0.35252808988764045,251,1,0.00398406374501992,False
D10_p70_distance_only_matched,Car,16604,10721,6445,0.5675319682970362,0.6011566085253242,6476,35,0.005404570722668314,False
D10_p70_distance_only_matched,Pedestrian,53000,8008,3482,0.3295897161562249,0.43481518481518483,3488,25,0.007167431192660551,False
D10_p70_distance_only_matched,Cyclist,4596,712,248,0.29060845505094846,0.34831460674157305,251,3,0.01195219123505976,False
D10_p80_density,Car,16600,10721,6429,0.5293670624568159,0.5996642104281317,6476,56,0.008647313156269302,False
D10_p80_density,Pedestrian,53006,8008,3480,0.34106669039613413,0.43456543456543456,3488,26,0.007454128440366973,False
D10_p80_density,Cyclist,4595,712,253,0.29304717949615683,0.3553370786516854,251,0,0.0,False
D10_p80_distance_only_matched,Car,16610,10721,6455,0.5698111912592172,0.6020893573360694,6476,24,0.0037059913526868438,False
D10_p80_distance_only_matched,Pedestrian,52990,8008,3483,0.33052210588394604,0.43494005994005996,3488,19,0.005447247706422019,False
D10_p80_distance_only_matched,Cyclist,4602,712,247,0.2904986932779007,0.34691011235955055,251,4,0.01593625498007968,False
D10_p90_density,Car,16588,10721,6451,0.5693750490014565,0.6017162578117713,6476,29,0.004478072884496603,False
D10_p90_density,Pedestrian,53022,8008,3485,0.3424774488293493,0.4351898101898102,3488,14,0.0040137614678899085,False
D10_p90_density,Cyclist,4591,712,251,0.292960423390769,0.35252808988764045,251,0,0.0,False
D10_p90_distance_only_matched,Car,16610,10721,6464,0.5721857450093594,0.6029288312657402,6476,16,0.0024706609017912293,False
D10_p90_distance_only_matched,Pedestrian,53017,8008,3489,0.34357910089733357,0.4356893106893107,3488,9,0.0025802752293577983,False
D10_p90_distance_only_matched,Cyclist,4593,712,248,0.2904986932779007,0.34831460674157305,251,3,0.01195219123505976,False
D15_p50_density,Car,16602,10721,6354,0.5249605186136983,0.5926685943475422,6476,139,0.021463866584311302,False
D15_p50_density,Pedestrian,52816,8008,3409,0.3121372406628212,0.4256993006993007,3488,171,0.04902522935779816,False
D15_p50_density,Cyclist,4584,712,241,0.2813626417685062,0.33848314606741575,251,17,0.06772908366533864,False
D15_p50_distance_only_matched,Car,16610,10721,6399,0.5274333655547583,0.5968659639958959,6476,87,0.013434218653489809,False
D15_p50_distance_only_matched,Pedestrian,52882,8008,3435,0.32002057985838506,0.42894605394605395,3488,114,0.03268348623853211,False
D15_p50_distance_only_matched,Cyclist,4590,712,247,0.2729556111621522,0.34691011235955055,251,6,0.02390438247011952,False
D15_p70_density,Car,16597,10721,6354,0.5248558927638347,0.5926685943475422,6476,137,0.0211550339715874,False
D15_p70_density,Pedestrian,52888,8008,3445,0.3200006947867112,0.4301948051948052,3488,96,0.027522935779816515,False
D15_p70_density,Cyclist,4582,712,248,0.28934262410198236,0.34831460674157305,251,7,0.027888446215139442,False
D15_p70_distance_only_matched,Car,16604,10721,6418,0.5285137912406589,0.5986381867363119,6476,64,0.009882643607164917,False
D15_p70_distance_only_matched,Pedestrian,52950,8008,3461,0.3266036767244393,0.43219280719280717,3488,76,0.021788990825688075,False
D15_p70_distance_only_matched,Cyclist,4594,712,247,0.2903385323732716,0.34691011235955055,251,5,0.0199203187250996,False
D15_p80_density,Car,16595,10721,6357,0.5250958316806174,0.5929484189907658,6476,131,0.02022853613341569,False
D15_p80_density,Pedestrian,52974,8008,3471,0.33804198666052077,0.43344155844155846,3488,55,0.01576834862385321,False
D15_p80_density,Cyclist,4582,712,251,0.29371324290178363,0.35252808988764045,251,2,0.00796812749003984,False
D15_p80_distance_only_matched,Car,16598,10721,6435,0.566135860351124,0.6002238597145788,6476,44,0.0067943174799258805,False
D15_p80_distance_only_matched,Pedestrian,52974,8008,3479,0.3283017779802774,0.4344405594405594,3488,47,0.013474770642201836,False
D15_p80_distance_only_matched,Cyclist,4596,712,248,0.29116241930368436,0.34831460674157305,251,4,0.01593625498007968,False
D15_p90_density,Car,16579,10721,6398,0.5273316810276534,0.5967726891148214,6476,88,0.013588634959851761,False
D15_p90_density,Pedestrian,53006,8008,3487,0.3420480194439284,0.43543956043956045,3488,31,0.008887614678899083,False
D15_p90_density,Cyclist,4590,712,252,0.29325133972053097,0.3539325842696629,251,0,0.0,False
D15_p90_distance_only_matched,Car,16605,10721,6450,0.5683822524451349,0.6016229829306967,6476,29,0.004478072884496603,False
D15_p90_distance_only_matched,Pedestrian,52997,8008,3490,0.3303796982935965,0.4358141858141858,3488,18,0.005160550458715597,False
D15_p90_distance_only_matched,Cyclist,4596,712,249,0.2908798254715726,0.3497191011235955,251,2,0.00796812749003984,False
D20_p50_density,Car,16621,10721,6282,0.5185636020217395,0.5859528029101763,6476,217,0.03350833848054355,False
D20_p50_density,Pedestrian,52423,8008,3349,0.2975526543257144,0.4182067932067932,3488,268,0.0768348623853211,False
D20_p50_density,Cyclist,4580,712,240,0.2771266309552932,0.33707865168539325,251,26,0.10358565737051793,False
D20_p50_distance_only_matched,Car,16619,10721,6361,0.525188964997579,0.5933215185150639,6476,131,0.02022853613341569,False
D20_p50_distance_only_matched,Pedestrian,52627,8008,3406,0.31394214732948683,0.4253246753246753,3488,168,0.0481651376146789,False
D20_p50_distance_only_matched,Cyclist,4577,712,245,0.2645556163413307,0.3441011235955056,251,10,0.0398406374501992,False
D20_p70_density,Car,16602,10721,6295,0.5189359290973088,0.5871653763641451,6476,204,0.03150092649783817,False
D20_p70_density,Pedestrian,52681,8008,3415,0.3116744336546995,0.4264485514485514,3488,177,0.0507454128440367,False
D20_p70_density,Cyclist,4602,712,247,0.28662386185173205,0.34691011235955055,251,14,0.055776892430278883,False
D20_p70_distance_only_matched,Car,16604,10721,6399,0.5274023147421606,0.5968659639958959,6476,88,0.013588634959851761,False
D20_p70_distance_only_matched,Pedestrian,52876,8008,3437,0.32051433489354897,0.4291958041958042,3488,114,0.03268348623853211,False
D20_p70_distance_only_matched,Cyclist,4594,712,247,0.2732543897999746,0.34691011235955055,251,6,0.02390438247011952,False
D20_p80_density,Car,16596,10721,6305,0.5194991167648207,0.5880981251748904,6476,190,0.029339098208770845,False
D20_p80_density,Pedestrian,52852,8008,3444,0.3166041893002307,0.43006993006993005,3488,111,0.03182339449541284,False
D20_p80_density,Cyclist,4596,712,253,0.2912882800770289,0.3553370786516854,251,6,0.02390438247011952,False
D20_p80_distance_only_matched,Car,16603,10721,6412,0.5281246268486661,0.5980785374498647,6476,70,0.010809141445336628,False
D20_p80_distance_only_matched,Pedestrian,52948,8008,3456,0.3248151409673437,0.43156843156843155,3488,82,0.023509174311926607,False
D20_p80_distance_only_matched,Cyclist,4592,712,247,0.2765064354551213,0.34691011235955055,251,5,0.0199203187250996,False
D20_p90_density,Car,16590,10721,6347,0.5227297595814963,0.5920156701800205,6476,143,0.022081531809759112,False
D20_p90_density,Pedestrian,52972,8008,3484,0.3410071765574624,0.43506493506493504,3488,48,0.013761467889908258,False
D20_p90_density,Cyclist,4584,712,257,0.29459830091374595,0.3609550561797753,251,1,0.00398406374501992,False
D20_p90_distance_only_matched,Car,16608,10721,6439,0.5668226392508696,0.600596959238877,6476,40,0.006176652254478073,False
D20_p90_distance_only_matched,Pedestrian,52977,8008,3481,0.3282298822590486,0.4346903096903097,3488,34,0.00974770642201835,False
D20_p90_distance_only_matched,Cyclist,4591,712,247,0.2903790568559051,0.34691011235955055,251,4,0.01593625498007968,False
D22.5_p50_density,Car,16639,10721,6249,0.5169116441462565,0.5828747318347169,6476,254,0.03922174181593576,False
D22.5_p50_density,Pedestrian,52022,8008,3323,0.2938580834985629,0.41496003996003994,3488,324,0.09288990825688073,False
D22.5_p50_density,Cyclist,4563,712,241,0.27976762365775326,0.33848314606741575,251,29,0.11553784860557768,False
D22.5_p50_distance_only_matched,Car,16626,10721,6329,0.5226479527537896,0.590336722320679,6476,165,0.02547869054972205,False
D22.5_p50_distance_only_matched,Pedestrian,52491,8008,3393,0.31031845182473683,0.4237012987012987,3488,202,0.05791284403669725,False
D22.5_p50_distance_only_matched,Cyclist,4576,712,235,0.27764391116356496,0.3300561797752809,251,23,0.09163346613545817,False
D22.5_p70_density,Car,16600,10721,6264,0.5172351519777515,0.5842738550508348,6476,236,0.03644224830142063,False
D22.5_p70_density,Pedestrian,52540,8008,3389,0.30831950819938914,0.4232017982017982,3488,224,0.06422018348623854,False
D22.5_p70_density,Cyclist,4606,712,250,0.2902978650137741,0.351123595505618,251,18,0.07171314741035857,False
D22.5_p70_distance_only_matched,Car,16616,10721,6384,0.5268906680109233,0.595466840779778,6476,103,0.015904879555281037,False
D22.5_p70_distance_only_matched,Pedestrian,52818,8008,3436,0.33093347230145836,0.4290709290709291,3488,129,0.03698394495412844,False
D22.5_p70_distance_only_matched,Cyclist,4590,712,247,0.2702445021546972,0.34691011235955055,251,7,0.027888446215139442,False
D22.5_p80_density,Car,16583,10721,6276,0.518453874452601,0.5853931536237291,6476,217,0.03350833848054355,False
D22.5_p80_density,Pedestrian,52767,8008,3433,0.3151790052073811,0.4286963036963037,3488,141,0.040424311926605505,False
D22.5_p80_density,Cyclist,4611,712,254,0.2927333261588959,0.35674157303370785,251,9,0.035856573705179286,False
D22.5_p80_distance_only_matched,Car,16601,10721,6404,0.5278056137140404,0.5973323384012685,6476,81,0.012507720815318098,False
D22.5_p80_distance_only_matched,Pedestrian,52923,8008,3448,0.3218458686608129,0.4305694305694306,3488,100,0.028669724770642203,False
D22.5_p80_distance_only_matched,Cyclist,4591,712,248,0.27451310328881184,0.34831460674157305,251,5,0.0199203187250996,False
D22.5_p90_density,Car,16598,10721,6328,0.521780971941824,0.5902434474396046,6476,161,0.024861025324274245,False
D22.5_p90_density,Pedestrian,52926,8008,3474,0.33950673898631784,0.4338161838161838,3488,64,0.01834862385321101,False
D22.5_p90_density,Cyclist,4605,712,261,0.2979660759377148,0.36657303370786515,251,2,0.00796812749003984,False
D22.5_p90_distance_only_matched,Car,16595,10721,6431,0.5295625185042012,0.5998507601902807,6476,51,0.007875231624459543,False
D22.5_p90_distance_only_matched,Pedestrian,52970,8008,3474,0.3282897827145115,0.4338161838161838,3488,50,0.014334862385321102,False
D22.5_p90_distance_only_matched,Cyclist,4597,712,248,0.29127326782696034,0.34831460674157305,251,4,0.01593625498007968,False
D30_p50_density,Car,16737,10721,6167,0.5116028679709758,0.5752261915866057,6476,347,0.05358245830759728,False
D30_p50_density,Pedestrian,50603,8008,3216,0.274280087958903,0.4015984015984016,3488,495,0.1419151376146789,False
D30_p50_density,Cyclist,4558,712,237,0.27736924635636884,0.33286516853932585,251,35,0.1394422310756972,False
D30_p50_distance_only_matched,Car,16662,10721,6257,0.5171745024590676,0.5836209308833131,6476,254,0.03922174181593576,False
D30_p50_distance_only_matched,Pedestrian,51768,8008,3313,0.311109448326492,0.4137112887112887,3488,313,0.08973623853211009,False
D30_p50_distance_only_matched,Cyclist,4548,712,238,0.273437661728801,0.3342696629213483,251,31,0.12350597609561753,False
D30_p70_density,Car,16666,10721,6206,0.5128245533914144,0.5788639119485123,6476,300,0.04632489190858555,False
D30_p70_density,Pedestrian,51792,8008,3300,0.2985338395881282,0.41208791208791207,3488,366,0.10493119266055045,False
D30_p70_density,Cyclist,4622,712,244,0.28138559841302363,0.34269662921348315,251,26,0.10358565737051793,False
D30_p70_distance_only_matched,Car,16638,10721,6328,0.5225329772476934,0.5902434474396046,6476,165,0.02547869054972205,False
D30_p70_distance_only_matched,Pedestrian,52468,8008,3394,0.32494846574277014,0.4238261738261738,3488,202,0.05791284403669725,False
D30_p70_distance_only_matched,Cyclist,4570,712,234,0.273048787010081,0.32865168539325845,251,24,0.09561752988047809,False
D30_p80_density,Car,16614,10721,6232,0.5149792617701178,0.58128905885645,6476,268,0.04138357010500309,False
D30_p80_density,Pedestrian,52307,8008,3366,0.3082888265061277,0.42032967032967034,3488,249,0.07138761467889908,False
D30_p80_density,Cyclist,4628,712,251,0.2919879897662114,0.35252808988764045,251,14,0.055776892430278883,False
D30_p80_distance_only_matched,Car,16617,10721,6386,0.5265053478819492,0.595653390541927,6476,108,0.016676961087090797,False
D30_p80_distance_only_matched,Pedestrian,52747,8008,3431,0.3304997185978556,0.42844655344655347,3488,138,0.03956422018348624,False
D30_p80_distance_only_matched,Cyclist,4582,712,246,0.266601540676338,0.3455056179775281,251,8,0.03187250996015936,False
D30_p90_density,Car,16609,10721,6299,0.5191854077148117,0.5875384758884432,6476,199,0.03072884496602841,False
D30_p90_density,Pedestrian,52724,8008,3446,0.33659300320991503,0.4303196803196803,3488,113,0.03239678899082569,False
D30_p90_density,Cyclist,4601,712,262,0.29673094024726254,0.36797752808988765,251,3,0.01195219123505976,False
D30_p90_distance_only_matched,Car,16606,10721,6414,0.528155703710538,0.5982650872120138,6476,68,0.010500308832612723,False
D30_p90_distance_only_matched,Pedestrian,52938,8008,3456,0.3250751597699058,0.43156843156843155,3488,85,0.02436926605504587,False
D30_p90_distance_only_matched,Cyclist,4585,712,248,0.2771994323690533,0.34831460674157305,251,4,0.01593625498007968,False
